label,byte_0,byte_1,byte_2,byte_3,byte_4,byte_5,byte_6,byte_7,byte_8,byte_9,byte_10,byte_11,byte_12,byte_13,byte_14,byte_15,byte_16,byte_17,byte_18,byte_19,byte_20,byte_21,byte_22,byte_23,byte_24,byte_25,byte_26,byte_27,byte_28,byte_29,byte_30,byte_31,byte_32,byte_33,byte_34,byte_35,byte_36,byte_37,byte_38,byte_39,byte_40,byte_41,byte_42,byte_43,byte_44,byte_45,byte_46,byte_47,byte_48,byte_49,byte_50,byte_51,byte_52,byte_53,byte_54,byte_55,byte_56,byte_57,byte_58,byte_59,byte_60,byte_61,byte_62,byte_63,byte_64,byte_65,byte_66,byte_67,byte_68,byte_69,byte_70,byte_71,byte_72,byte_73,byte_74,byte_75,byte_76,byte_77,byte_78,byte_79,byte_80,byte_81,byte_82,byte_83,byte_84,byte_85,byte_86,byte_87,byte_88,byte_89,byte_90,byte_91,byte_92,byte_93,byte_94,byte_95,byte_96,byte_97,byte_98,byte_99,byte_100,byte_101,byte_102,byte_103,byte_104,byte_105,byte_106,byte_107,byte_108,byte_109,byte_110,byte_111,byte_112,byte_113,byte_114,byte_115,byte_116,byte_117,byte_118,byte_119,byte_120,byte_121,byte_122,byte_123,byte_124,byte_125,byte_126,byte_127,approximate_entropy_test,binary_matrix_rank_test,cumulative_sums_test,dft_test,frequency_within_block_test,linear_complexity_test,longest_run_ones_in_a_block_test,maurers_universal_test,monobit_test,non_overlapping_template_matching_test,overlapping_template_matching_test,random_excursion_test,random_excursion_variant_test,runs_test,serial_test
AES-CTR,113,18,145,237,231,25,202,215,193,174,217,149,235,178,214,127,64,126,115,223,188,121,219,161,39,21,7,63,149,117,2,179,109,76,33,53,107,22,102,149,247,82,198,243,145,200,162,155,71,67,251,201,118,121,32,245,225,213,96,30,134,206,73,55,210,244,166,158,109,83,0,56,170,242,38,158,8,42,31,49,14,33,129,103,153,48,170,155,66,139,85,32,234,131,218,173,69,195,52,215,66,40,205,248,53,199,8,94,221,131,10,196,69,230,253,32,97,151,237,183,208,239,245,208,241,71,55,253,0.85596256163364,0.0,0.4693262391439281,0.1871221556836583,0.12789691444921883,0.0,0.4168132306658415,0.0,0.5319710580974011,0.48352825951755934,0.0,0.7429853861805579,0.31029686726381916,0.6083693435733027,0.8456730008788514
AES-CTR,212,227,124,195,7,139,2,43,235,68,195,63,165,208,79,238,75,104,220,68,71,17,244,148,68,233,40,63,139,123,162,180,230,27,225,186,160,61,54,102,227,52,108,52,9,69,46,210,255,125,121,121,71,26,157,18,99,52,167,198,46,77,214,178,124,31,193,114,234,133,66,60,51,154,20,25,248,170,218,220,73,52,194,255,112,14,209,134,72,42,68,85,29,30,182,4,33,128,177,133,71,19,251,88,32,205,143,211,232,60,175,240,89,9,15,96,252,91,206,157,43,42,142,237,148,153,249,236,0.5803639424280047,0.0,0.6292225702004757,0.9086766781799538,0.45797724893401104,0.0,0.9934393274662711,0.0,0.6617487760817584,0.9986983866497147,0.0,0.008658887148576032,0.25101476699856734,0.6212278504614013,0.5758551530893224
AES-CTR,135,86,94,30,41,245,230,208,29,14,6,25,236,27,251,187,31,185,245,82,250,230,203,101,0,83,184,220,115,241,239,190,123,76,81,240,129,233,165,241,118,119,19,158,239,245,117,11,54,222,243,191,152,125,190,167,141,35,242,228,10,173,246,217,171,196,85,66,122,128,89,11,241,64,190,218,15,29,226,222,3,155,153,166,43,236,200,149,246,7,159,143,96,131,20,193,162,104,149,240,60,13,83,181,16,128,56,116,169,31,78,222,240,84,11,160,148,40,147,52,31,180,236,95,41,42,1,223,0.13157484355810886,0.0,0.03509790038087157,0.4912971242158972,0.06577331337384124,0.0,0.3029467770448529,0.0,0.23503045658642832,0.9788085769651195,0.0,0.16855700961573497,0.45473464915303763,0.05795427023753814,0.12423705015058147
AES-CTR,147,217,202,161,77,75,250,82,57,188,161,182,8,210,191,14,242,58,20,232,162,71,239,74,161,155,91,40,250,65,120,220,156,105,247,98,38,12,234,216,6,128,23,246,35,19,108,123,250,137,157,199,251,146,206,169,28,30,214,63,223,126,132,209,140,208,34,191,173,139,94,228,135,177,166,160,14,130,95,18,51,255,180,124,253,111,178,120,105,203,156,101,212,158,241,186,214,196,234,224,132,194,178,247,204,32,121,40,23,220,205,39,89,73,97,107,181,134,46,12,0,110,33,232,233,66,164,199,0.8872137374732811,0.0,0.3579475238236134,0.30189844442852465,0.28641811909541853,0.0,0.7818477379705312,0.0,0.6170750774519739,0.9995187355109096,0.0,0.56558455028612,0.33130483521613563,0.5790157645089196,0.8789456058719586
AES-CTR,161,160,146,95,165,46,95,233,235,157,78,184,101,150,103,72,92,178,222,203,53,129,129,131,194,30,144,80,90,225,71,164,254,17,255,121,103,177,247,74,14,82,141,102,100,59,53,115,224,77,129,122,155,64,115,106,168,7,86,248,165,7,107,107,136,140,81,252,77,211,141,144,141,84,13,168,195,184,239,205,112,245,221,132,122,201,127,168,89,182,181,17,82,176,83,16,33,201,72,184,112,95,232,90,1,221,10,108,7,195,231,197,197,12,60,172,105,222,26,78,27,155,140,198,36,49,90,43,0.9588981184106693,0.0,0.8035282188223434,0.32955189239856303,0.7795933759383926,0.0,0.08676247099882822,0.0,0.45325470475373647,0.6639759223649966,0.0,0.7668083865464763,0.6130520061905568,0.9641499009136322,0.958752703314064
AES-CTR,103,63,241,209,11,243,68,9,131,208,151,232,160,197,217,79,92,165,55,25,112,184,53,101,81,0,134,147,143,15,202,122,56,44,212,95,196,34,84,224,76,146,235,184,45,155,53,238,53,170,199,181,141,198,90,198,97,130,31,36,99,206,226,133,5,79,100,40,27,76,177,204,18,104,164,139,20,81,195,158,45,137,33,112,82,29,11,167,30,103,107,74,33,10,217,40,210,193,93,139,173,242,0,127,227,122,64,195,148,219,120,227,66,34,221,53,83,46,75,249,159,163,200,125,174,240,70,135,0.729779417278647,0.0,0.09796360605727816,0.12148844104797517,0.8813982930103407,0.0,0.9145094314246653,0.0,0.13361440253771617,0.30841359330095003,0.0,0.6842336234941697,0.6611275095163061,0.9438216984304179,0.7099541970143598
AES-CTR,221,151,25,212,216,89,128,65,135,188,255,151,149,69,5,50,67,241,55,149,86,35,204,101,76,127,198,138,188,53,14,252,86,123,228,254,68,120,240,1,227,253,182,79,156,40,120,130,50,109,229,144,151,162,190,20,17,206,46,19,70,245,159,154,142,231,201,99,243,85,95,177,156,239,31,235,242,52,84,9,109,52,106,70,213,16,135,73,219,41,79,159,239,185,190,81,157,11,212,200,162,37,72,134,7,106,11,53,220,67,95,40,75,22,18,218,69,244,29,229,201,235,101,68,33,50,197,25,0.2249583248833024,0.0,0.44536632700471923,0.6463551955394854,0.12082605411999811,0.0,0.7527378633507142,0.0,0.7546605630596859,0.01890076031055549,0.0,0.011488427458813703,0.3473070523796325,0.7569581301345036,0.22004218014875046
AES-CTR,52,138,82,75,75,190,238,151,56,182,222,220,37,113,49,81,75,30,6,107,202,148,173,24,117,243,181,243,208,163,141,93,184,116,37,74,213,52,136,188,8,30,144,166,150,52,251,135,203,31,240,57,154,36,3,21,253,24,15,35,13,141,140,105,246,190,81,235,249,154,118,197,247,170,216,69,207,10,47,127,225,44,179,136,235,211,182,114,7,119,99,185,178,137,108,233,95,69,31,203,68,44,253,81,244,104,128,174,131,78,22,97,208,139,87,95,16,232,136,40,8,157,16,253,95,28,167,62,0.5289790646649788,0.0,0.6292225702004757,0.4559083970315624,0.5133582325491176,0.0,0.7957490552644175,0.0,0.7546605630596859,0.7308101090836877,0.0,0.8660382760458536,0.5442896244294022,0.6595071094367861,0.5535810515778545
AES-CTR,194,202,11,157,43,220,83,81,222,141,198,113,62,46,28,97,149,249,90,158,190,111,23,146,106,18,245,232,78,24,63,88,15,17,169,173,0,199,29,147,186,194,69,85,126,199,220,182,93,126,6,117,51,148,146,99,69,249,58,184,173,173,172,12,116,119,149,196,69,105,4,188,73,23,209,203,178,174,72,15,213,96,186,86,166,74,93,211,63,111,111,71,157,9,143,214,52,134,86,72,222,123,219,226,204,143,191,101,7,146,183,146,49,78,202,78,219,72,193,181,136,14,159,63,246,125,139,112,0.8457446984212841,0.0,0.37853830232851005,0.30189844442852465,0.6488836444446102,0.0,0.34815937932931224,0.0,0.23503045658642832,0.9698490830365168,0.0,0.6783772273929308,0.31029686726381916,0.3573978387417328,0.8722880325307361
AES-CTR,108,174,97,102,74,152,237,202,51,34,187,47,160,195,41,190,248,241,230,117,252,102,10,4,35,125,51,204,222,217,187,157,6,63,131,9,16,6,230,201,124,186,13,201,157,145,243,159,44,47,44,16,64,199,91,78,144,134,199,163,241,119,107,188,75,162,178,76,0,210,94,11,38,31,18,227,170,180,156,101,118,181,4,240,159,21,51,69,132,45,160,60,66,38,138,197,180,232,246,112,21,82,59,134,74,168,48,86,245,238,31,34,69,139,48,207,20,85,197,25,81,62,49,89,54,117,8,14,0.4893100652599058,0.0,0.3011196618745222,0.20702560815693746,0.16807663005205883,0.0,0.8567913564871953,0.0,0.16913144470267144,0.9872842004304392,0.0,0.8960132984108742,0.29986191089036435,0.9972678163672419,0.5132257731984471
AES-CTR,103,80,136,211,126,125,233,211,8,233,59,53,227,51,65,53,10,97,212,129,39,87,83,252,240,61,114,133,184,102,34,54,186,106,7,151,160,4,57,91,1,178,140,118,126,4,210,203,217,210,61,77,80,93,55,178,68,232,143,238,245,48,134,174,243,117,204,180,229,108,157,175,210,165,198,218,171,134,248,111,24,186,81,196,152,216,249,170,47,13,254,221,219,157,119,174,165,129,138,202,235,171,124,145,115,200,253,106,71,35,66,242,216,174,70,114,107,59,181,1,26,126,159,59,171,156,114,88,0.24650993321174633,0.0,0.3381887424663561,0.9086766781799538,0.4270689217349101,0.0,0.7957490552644175,0.0,0.21129954733371054,0.9982483774437038,0.0,0.8604809055719808,0.44444670263492425,0.1365928508120444,0.24377391369041557
AES-CTR,95,52,40,125,87,85,147,172,53,189,141,226,87,97,201,202,99,17,187,104,52,78,11,76,63,71,34,224,79,229,66,137,19,164,83,148,37,44,105,73,74,157,145,233,231,6,193,127,148,95,208,203,159,4,188,92,235,177,163,206,39,90,203,76,170,76,218,121,216,110,202,94,70,154,139,246,45,32,198,161,16,32,99,180,128,181,178,186,107,26,246,79,178,248,225,60,114,67,44,86,143,213,164,184,155,152,254,253,14,19,210,227,52,6,0,220,15,47,142,175,169,175,127,29,122,181,125,143,0.9829388909903595,0.0,0.9063863279915256,0.8633889436886197,0.404370057339178,0.0,0.6828551542125245,0.0,0.7076604666545525,0.042224529434679664,0.0,0.8312555407064462,0.8959600678320992,0.37912193333543487,0.9846070669753488
AES-CTR,20,164,6,84,228,119,31,236,24,200,230,160,82,174,22,52,91,149,9,210,220,46,160,55,130,228,76,211,187,110,146,124,35,170,106,203,208,183,179,36,93,220,25,30,102,227,186,134,186,178,101,232,135,247,26,133,223,175,232,212,188,69,123,108,222,236,207,177,22,242,255,7,95,17,251,234,96,171,121,180,99,175,124,4,16,86,41,190,252,186,51,67,84,52,226,72,188,33,69,96,208,23,171,147,155,29,102,115,221,211,19,101,154,239,53,222,234,33,120,164,65,245,172,216,100,200,139,3,0.8413279721068699,0.0,0.4693262391439281,0.6463551955394854,0.3057117636367032,0.0,0.45026772620382094,0.0,0.5319710580974011,0.4269986290866543,0.0,0.36983150286403155,0.0036093469359454434,0.44576289535870706,0.8398225848018664
AES-CTR,106,191,215,254,58,63,68,234,133,249,170,96,196,97,131,141,219,3,179,245,129,232,142,144,105,24,215,117,215,202,13,254,186,35,225,0,141,139,70,86,226,192,200,41,34,253,126,39,109,13,158,117,1,229,248,37,68,237,98,234,238,200,212,63,140,69,81,1,97,208,45,115,80,195,185,63,102,98,17,208,99,123,42,143,111,101,114,254,176,78,83,172,227,184,39,124,255,145,236,211,248,0,115,110,197,126,15,149,207,255,206,228,49,253,42,54,0,67,223,222,223,172,76,220,193,108,91,181,0.07234178513499147,0.0,0.3381887424663561,0.6880685751927309,0.04571533551098983,0.0,0.9145094314246653,0.0,0.16913144470267144,0.838770677220479,0.0,0.8456393585335481,0.39595102508934227,0.028165708733732107,0.0597559523590282
AES-CTR,226,189,204,101,58,92,21,114,128,204,49,28,128,229,26,3,138,82,212,23,123,152,61,197,116,107,68,125,39,16,24,164,194,186,238,195,212,229,219,178,49,123,50,235,18,31,0,74,114,27,251,1,173,103,96,237,66,150,144,117,69,60,154,133,186,36,252,244,188,37,51,134,13,222,243,46,215,251,189,75,46,1,55,209,226,151,51,77,172,147,142,101,34,186,209,108,5,190,195,50,132,152,112,251,230,38,55,17,116,76,18,138,186,157,185,74,183,76,88,96,244,151,228,186,126,104,151,41,0.46778640283016354,0.0,0.573147563111154,0.4912971242158972,0.8232556603618613,0.0,0.4168132306658415,0.0,0.5319710580974011,0.9100999647557596,0.0,0.0033394053964805014,0.8780883665111654,0.2823222794660727,0.5299046683078473
AES-CTR,4,219,6,71,109,139,26,26,235,216,253,158,99,66,112,107,119,40,183,40,209,145,134,9,80,128,178,186,34,69,190,205,185,40,3,187,12,83,5,46,117,43,87,24,243,179,204,154,103,248,44,109,57,93,99,79,235,162,156,2,146,192,174,96,26,110,45,57,192,35,136,41,239,32,160,221,5,113,83,160,160,50,220,49,198,40,76,21,237,89,227,75,165,6,161,51,103,100,11,221,194,176,234,28,54,68,137,130,147,2,176,123,173,98,70,182,94,166,184,51,174,111,155,38,200,28,227,227,0.04549617934549812,0.0,0.027117181207918506,0.06645742001693215,0.27395821862517317,0.0,0.4361104300617386,0.0,0.03916015755675491,0.99999373187356,0.0,0.5011943653424442,0.9646806204584191,0.7005841865972878,0.1065854273235926
AES-CTR,27,24,113,8,33,203,245,137,121,131,248,33,12,94,162,137,82,5,47,69,116,5,138,97,188,138,219,227,238,251,172,254,165,234,206,21,249,255,220,45,101,145,82,92,163,212,219,154,253,170,97,60,104,189,221,179,189,31,13,76,32,160,121,155,233,247,252,47,124,82,82,178,110,97,126,107,193,55,77,189,19,57,122,15,138,169,207,157,210,166,123,38,255,103,226,24,105,46,232,167,8,7,70,14,86,151,69,85,57,236,229,150,19,52,179,253,238,252,14,207,185,65,157,157,75,250,53,84,0.4970283084624744,0.0,0.09796360605727816,0.6880685751927309,0.054070082133630536,0.0,0.2275344677290513,0.0,0.060792723530522785,0.2697810926911807,0.0,0.8515653249714984,0.19835952842898705,0.9620936498049291,0.4426811710546912
AES-CTR,84,36,207,233,34,66,197,247,113,96,165,39,102,221,49,80,213,159,201,82,115,228,249,72,5,186,120,198,31,142,86,1,118,204,65,130,5,8,46,158,219,218,124,123,27,205,84,79,111,219,174,160,238,40,38,114,25,118,1,150,15,28,211,69,158,99,202,34,236,233,185,163,26,225,78,166,28,145,196,59,154,136,108,92,134,185,159,220,233,53,33,24,151,195,244,199,111,70,41,102,186,164,15,17,106,254,128,89,166,90,255,154,208,87,52,206,65,34,93,21,126,35,38,94,142,29,63,55,0.9337191058471824,0.0,0.8035282188223434,0.8633889436886197,0.5213578596072533,0.0,0.4121220150540854,0.0,0.8025873486341526,0.0006139482978554024,0.0,0.11077358935738485,0.1402427021576636,0.8989713658518097,0.9323811465444836
AES-CTR,135,251,184,102,91,88,35,254,77,80,211,252,226,193,26,12,82,65,174,54,227,166,224,129,15,127,167,202,12,149,129,71,201,182,179,23,82,114,138,202,201,160,111,170,150,122,239,136,208,253,140,176,59,232,249,181,35,111,51,213,192,232,189,38,160,135,68,59,234,45,195,206,145,207,246,80,156,238,184,36,211,71,88,145,188,6,144,27,72,71,146,106,58,223,185,205,137,12,228,214,49,232,64,94,116,106,178,12,207,113,184,240,160,217,254,98,96,248,249,146,66,186,60,4,46,199,99,193,0.39403912027242916,0.0,0.9839130710089965,0.10829365589900763,0.4815500767856001,0.0,0.3184247496052344,0.0,0.7546605630596859,0.9952002755080961,0.0,0.41120408714739093,0.2838519820803153,0.15140537587477848,0.4304234914276995
AES-CTR,171,193,15,234,206,167,249,5,30,133,76,204,41,6,203,118,232,81,251,165,174,185,216,239,136,147,199,58,215,106,96,1,150,142,228,4,18,95,33,166,168,222,17,22,37,238,46,125,167,19,58,169,250,180,50,32,88,192,102,97,45,174,161,245,147,18,20,78,14,37,170,96,3,103,155,89,191,190,187,83,123,100,214,147,164,61,179,144,43,2,34,248,9,72,25,236,248,134,62,221,115,182,218,200,103,193,110,248,157,24,18,25,82,138,113,203,24,217,96,14,114,39,113,192,139,168,96,49,0.7331659885470185,0.0,0.3579475238236134,0.12148844104797517,0.05968037291125424,0.0,0.9934393274662711,0.0,0.1893514860432852,0.7844556139271766,0.0,0.05824499031711425,0.9726381505167424,0.7955558657060174,0.7185652486877934
AES-CTR,14,177,91,145,77,138,222,124,214,34,95,161,221,163,170,69,195,217,148,201,35,176,118,89,233,198,82,62,199,14,67,186,181,53,224,68,30,89,195,36,64,58,188,75,25,104,230,131,216,128,98,10,217,67,152,106,154,42,189,166,175,176,188,253,191,11,96,244,239,34,139,222,148,111,82,110,22,199,129,24,183,59,103,54,171,48,52,224,71,222,245,209,171,3,185,47,118,210,176,24,215,167,246,91,208,154,137,245,213,90,87,196,27,64,1,207,17,228,87,229,25,63,211,71,133,62,187,28,0.930708502059694,0.0,0.7458423026399723,0.9086766781799538,0.75946526384614,0.0,0.42109667291621933,0.0,0.8025873486341526,0.9975563536083475,0.0,0.4913243148396046,0.7525366844941255,0.7531623371885156,0.9343575456215499
AES-CTR,122,183,18,216,115,223,142,45,144,119,107,27,101,199,169,167,130,201,228,120,133,121,113,77,134,70,232,113,53,92,126,33,61,59,27,163,47,236,13,67,8,112,50,239,205,151,114,118,223,98,114,88,167,213,243,42,19,239,84,11,3,191,221,204,177,59,181,78,238,252,127,86,137,162,111,194,214,7,181,98,186,168,145,80,107,3,8,151,251,59,74,159,14,176,18,104,189,166,214,95,13,78,41,155,39,148,132,241,142,90,113,233,209,78,102,102,68,153,243,240,223,44,214,128,19,51,238,109,0.8493207405616409,0.0,0.26721521438306106,0.4912971242158972,0.5935466657264796,0.0,0.5789471035061367,0.0,0.1893514860432852,0.020629680462988142,0.0,0.9979266507193423,0.8083651559145103,0.8578322012118287,0.8571234604985473
AES-CTR,184,3,113,127,179,79,89,37,235,246,64,191,17,96,39,138,48,70,76,136,208,122,141,55,75,222,41,219,61,135,37,211,59,187,155,168,62,54,210,68,30,71,138,35,5,206,214,51,203,119,249,213,241,43,62,168,161,75,144,96,122,13,178,9,255,188,83,61,6,180,70,205,59,148,138,147,71,111,14,216,167,141,188,23,94,48,247,226,126,166,57,169,84,61,166,37,145,34,63,183,131,71,207,72,224,56,49,178,77,14,99,160,37,252,211,165,118,160,92,80,77,8,175,3,239,60,169,112,0.7757949878788225,0.0,0.9063863279915256,0.30189844442852465,0.47366065328196927,0.0,0.7890269482529859,0.0,0.9501646619415056,0.9358017985821888,0.0,0.7772731251151741,0.5049403378706775,0.31736774025885783,0.7936048923999311
AES-CTR,222,179,161,255,41,26,38,122,214,41,88,253,208,169,92,181,66,189,81,121,148,122,24,197,241,186,97,114,95,54,61,242,205,133,114,67,34,230,130,243,83,212,190,139,3,60,27,176,177,44,23,33,244,44,198,196,105,220,251,100,77,139,244,82,241,77,123,11,119,92,86,131,201,228,84,196,151,111,228,119,14,22,0,91,235,140,54,9,239,0,98,74,107,237,136,210,140,254,54,59,232,144,192,58,37,189,106,222,61,249,195,16,236,164,5,137,32,230,220,131,166,3,0,164,125,53,243,205,0.9256106851651985,0.0,0.9063863279915256,0.4912971242158972,0.8173189001772003,0.0,0.4574688423671452,0.0,0.9005235503397742,0.998297256640603,0.0,0.9849947482175573,0.6205480473200617,0.755027999092687,0.9283370892521536
AES-CTR,143,122,178,67,140,17,27,26,83,221,121,32,202,128,127,169,38,107,115,73,134,167,110,55,42,253,118,60,91,87,196,226,156,16,155,240,142,184,75,156,68,152,85,158,107,170,49,17,151,44,124,1,113,63,26,143,161,138,248,105,13,69,189,87,7,47,216,15,15,228,6,233,119,32,162,83,158,170,191,143,170,243,93,250,72,167,63,69,104,103,251,133,40,185,55,236,83,35,38,80,72,48,216,173,242,220,176,209,181,173,147,245,161,218,160,17,13,231,40,171,223,197,27,168,118,85,148,180,0.8013049303893207,0.0,0.9908430097102388,0.1871221556836583,0.971425943577068,0.0,0.4574688423671452,0.0,0.8512686236882057,0.9822626849736896,0.0,0.7782551006560049,0.8095146494125307,0.38096006535832505,0.7855524940324328
AES-CTR,198,226,47,226,21,168,88,227,21,189,161,122,151,118,45,10,182,179,14,38,1,127,69,106,119,185,8,73,3,35,126,202,105,182,86,179,21,51,148,45,205,143,43,184,48,208,200,178,23,28,101,80,245,135,30,186,31,118,17,75,2,41,23,34,108,31,41,254,203,223,57,89,53,105,217,181,97,227,69,103,42,203,13,37,73,171,17,0,45,170,156,162,15,76,160,195,39,162,121,13,45,66,211,72,51,93,227,137,81,204,112,41,251,153,114,216,57,203,204,121,247,230,245,78,143,23,229,191,0.5632005533325454,0.0,0.3999694013221755,0.6463551955394854,0.8668774420240123,0.0,0.4601582158650065,0.0,0.8025873486341526,0.8697990381728488,0.0,0.8574653682156778,0.9786323504201876,0.14999730574578818,0.5535810515778545
AES-CTR,93,185,214,119,77,130,211,95,102,40,164,164,5,194,195,214,245,139,186,15,223,6,5,197,198,254,133,12,240,135,235,1,253,245,81,11,61,245,72,208,12,251,159,163,143,249,211,203,25,192,65,203,119,188,244,121,184,175,44,242,203,158,34,136,177,24,35,119,198,146,125,229,253,2,28,25,117,81,64,58,242,64,50,212,231,80,80,51,90,170,243,250,122,190,255,238,51,27,206,140,141,107,124,177,246,150,246,176,239,181,229,41,106,182,57,164,49,213,234,211,67,168,79,195,44,157,81,4,0.5094734556829138,0.0,0.16023632325684756,0.033829716005106994,0.2678516820668015,0.0,0.49586661501898965,0.0,0.15057597282484683,0.40347457035769324,0.0,0.4323403432346224,0.5524529048817779,0.617827545981205,0.5132257731984471
AES-CTR,221,245,40,185,77,91,176,189,100,109,94,251,20,214,62,252,173,86,253,225,129,95,48,102,74,173,14,176,184,64,144,156,110,38,190,179,238,65,105,237,211,81,77,146,170,105,242,41,141,0,112,186,90,61,160,68,17,27,93,27,35,28,107,51,15,108,198,117,229,203,242,138,222,174,64,136,36,178,64,41,116,112,211,175,242,96,117,210,177,60,16,150,101,127,237,125,210,172,230,235,207,79,207,93,92,251,81,117,68,113,71,175,152,32,22,3,109,76,175,197,73,127,93,216,201,78,135,210,0.6521560594252017,0.0,0.6008948225808153,0.6880685751927309,0.13528174486232206,0.0,0.22362829025498138,0.0,0.45325470475373647,0.9075612969690106,0.0,0.7522563232343176,0.700180350768665,0.10028347065576267,0.6297344797877625
AES-CTR,210,150,177,175,98,157,232,14,191,93,215,1,62,44,171,31,94,69,161,6,33,202,233,116,71,7,132,25,107,169,146,149,82,11,125,5,141,126,20,244,11,247,45,0,187,119,120,57,86,244,42,215,140,124,168,251,13,176,226,138,15,214,1,123,128,106,38,197,165,156,26,208,167,22,27,220,129,76,212,32,205,240,28,208,206,169,136,59,201,236,195,123,184,203,211,26,114,121,36,198,35,132,215,247,27,190,79,23,170,126,162,66,168,196,134,129,37,194,209,188,23,83,170,145,242,102,66,108,0.8835489486743948,0.0,0.7458423026399723,0.12148844104797517,0.8991673760207638,0.0,0.4698052396342251,0.0,0.4165047865762179,0.4602636563862268,0.0,0.3409985447989324,0.8619194452813224,0.6921897908527372,0.886730671653792
AES-CTR,221,139,215,23,107,2,70,118,44,107,63,66,212,124,213,50,158,94,96,41,59,238,44,141,115,141,155,85,184,21,186,228,219,139,52,139,178,95,190,42,141,172,41,121,162,94,185,164,239,172,11,237,218,210,146,108,217,151,71,1,91,99,5,250,253,106,216,233,133,104,225,48,152,145,75,197,3,69,206,108,116,151,139,27,117,247,17,149,12,212,191,82,223,138,68,245,189,67,230,101,62,56,216,142,132,156,43,197,253,54,87,35,167,167,43,214,106,65,217,88,59,114,205,153,165,130,134,8,0.13031231745582184,0.0,0.3579475238236134,0.6463551955394854,0.8860113754522393,0.0,0.6305394542506149,0.0,0.34850142376108484,0.500135845158893,0.0,0.9997851051973619,0.8638317428547265,0.01619329278406676,0.14236845190216266
AES-CTR,238,212,200,127,132,59,182,194,102,24,43,223,218,158,171,210,19,234,12,163,88,73,85,72,133,107,36,188,107,182,70,27,70,74,87,156,79,78,133,137,51,130,39,121,53,185,4,91,108,164,230,56,193,132,9,30,23,185,12,234,228,133,172,245,117,116,96,220,104,177,26,103,32,165,179,151,16,128,35,218,67,8,244,40,149,137,186,30,62,241,30,178,63,115,96,211,107,121,92,160,71,28,104,91,66,55,237,219,168,136,146,215,129,62,142,2,153,193,236,244,164,81,168,63,103,35,74,83,0.2907687103917676,0.0,0.26721521438306106,0.8633889436886197,0.7594652638461418,0.0,0.1449765091592503,0.0,0.16913144470267144,0.8597475976717699,0.0,0.6582155787105239,0.37557656228852215,0.31807310378173154,0.28301296021998795
AES-CTR,93,253,174,136,129,211,85,167,222,158,247,153,208,86,169,159,43,53,64,223,47,25,33,219,165,81,185,203,153,83,119,42,2,60,14,96,61,143,126,1,103,101,202,254,79,94,180,127,147,183,205,73,167,129,131,20,75,36,95,176,147,137,10,242,217,33,187,97,105,20,146,126,122,124,32,204,168,166,247,225,105,182,107,165,215,65,182,150,83,101,246,44,50,37,75,9,194,152,250,45,170,225,206,92,192,57,217,225,3,25,10,227,191,186,229,198,52,203,100,41,122,245,18,130,177,28,58,98,0.7468415978726636,0.0,0.44536632700471923,0.4912971242158972,0.5293703452563872,0.0,0.5413677891288575,0.0,0.6617487760817584,0.9857906743554793,0.0,0.9945000204954214,0.7664327164541457,0.3453445279498483,0.7424456650779354
AES-CTR,123,160,247,80,41,198,172,234,174,75,31,194,205,141,245,119,241,111,210,253,42,117,12,175,74,119,144,202,67,163,135,21,133,127,25,241,149,82,174,219,141,35,177,51,231,48,16,71,158,160,51,15,47,195,210,248,239,104,217,233,240,157,38,119,159,240,68,240,183,219,94,222,0,161,31,76,106,244,128,81,214,43,43,150,62,121,175,7,181,93,110,213,30,116,252,58,69,80,103,20,115,0,103,128,27,54,129,155,175,79,213,156,126,245,126,41,162,53,149,221,177,236,34,129,124,126,247,242,0.06252665910540621,0.0,0.10536849444722929,0.6463551955394854,0.05775805653046009,0.0,0.9145094314246653,0.0,0.060792723530522785,0.3807441987848242,0.0,0.8683649035160701,0.5363466644355526,0.4062629450214614,0.07700731538906036
AES-CTR,156,96,2,224,11,55,51,201,177,4,253,152,53,219,42,231,153,235,63,70,1,117,14,169,67,214,30,7,153,17,163,171,207,25,22,70,58,200,196,185,54,111,212,174,199,187,132,41,142,230,160,112,131,161,101,0,103,209,25,48,46,190,185,104,42,168,125,154,140,91,153,184,198,249,87,94,201,32,208,101,3,12,15,84,13,230,10,3,167,157,57,198,24,62,47,191,81,136,238,93,234,55,100,152,12,73,108,214,0,96,247,16,31,74,7,159,137,10,48,45,210,52,117,241,216,236,218,108,0.04843066887027649,0.0,0.11323553442558887,0.20702560815693746,0.3057117636367032,0.0,0.5351681924475983,0.0,0.10416255883043911,5.759667480024723e-05,0.0,2.593009983148861e-07,0.06890880788626996,0.09456542838016012,0.034259623509413833
AES-CTR,216,175,86,140,87,89,190,25,218,70,77,171,56,245,201,90,12,32,145,167,48,240,173,240,47,230,87,23,25,89,194,220,148,106,120,254,11,45,140,2,157,2,237,25,76,7,156,55,209,35,68,211,147,62,18,143,96,168,209,53,62,42,36,77,102,188,160,29,183,164,14,212,247,152,222,104,64,27,243,31,150,111,189,54,211,237,32,89,110,156,63,170,178,29,181,90,111,132,180,156,188,228,6,98,167,168,200,250,24,127,108,198,25,42,26,228,155,153,200,71,93,248,122,75,204,226,98,20,0.6362238271062465,0.0,0.7749360055046364,0.6880685751927309,0.9909874958220387,0.0,0.033867850173195164,0.0,0.8025873486341526,0.9911871395298647,0.0,0.33645818421804274,0.8022883156500877,0.8010654087205167,0.6122715831461288
AES-CTR,123,209,119,196,172,145,124,1,163,162,73,112,86,42,1,15,223,106,62,18,209,191,153,105,98,252,249,242,118,235,26,220,254,64,254,87,82,103,51,3,196,2,101,55,90,232,223,21,183,154,222,29,97,186,246,162,147,37,221,244,27,232,223,54,155,32,105,33,6,44,146,33,59,175,220,230,147,214,253,239,222,37,22,48,186,72,89,253,237,45,100,198,189,38,169,199,229,95,33,86,207,78,84,191,246,64,179,22,223,233,72,184,228,116,107,195,79,89,79,222,4,189,251,11,5,203,187,234,0.05065913524993124,0.0,0.05300747462647082,0.6880685751927309,0.04418448408159543,0.0,0.42109667291621933,0.0,0.02870604321760332,0.6360355746678491,0.0,0.9865429019252849,0.9176315934670087,0.7348971453092763,0.04105774940599379
AES-CTR,131,214,136,246,88,119,175,238,133,47,49,168,200,75,45,83,255,0,136,131,16,109,72,15,115,89,192,187,9,127,49,18,41,43,52,196,214,187,58,92,156,11,63,238,67,10,51,223,132,76,246,131,137,54,169,93,196,121,239,168,215,233,201,108,132,64,199,146,181,39,213,211,48,247,22,37,129,116,216,102,151,35,196,252,5,247,49,191,57,248,195,220,58,215,243,209,23,2,60,73,38,12,70,150,175,127,254,195,158,70,46,0,87,82,159,57,153,150,77,159,146,119,9,174,109,207,35,13,0.4508823104491098,0.0,0.9742040686215345,0.8633889436886197,0.3821557697128367,0.0,0.6601700748508913,0.0,0.7076604666545525,0.610068456720805,0.0,0.3639431291508334,0.4694714233204319,0.19077661534772197,0.45512492618524086
AES-CTR,236,40,102,72,58,116,69,75,107,95,210,227,223,63,100,103,48,107,46,75,64,108,175,176,202,166,137,37,188,59,59,178,185,77,27,93,67,77,10,29,199,165,76,105,37,231,80,26,133,226,167,205,84,185,160,86,148,230,210,13,200,5,29,155,20,189,244,0,142,224,232,114,13,53,138,92,225,156,76,98,86,63,49,180,66,132,69,25,218,215,211,10,58,118,203,211,153,171,47,78,245,13,76,229,75,130,234,71,59,144,239,40,12,92,194,82,33,108,36,219,116,25,193,126,76,43,162,220,0.1204067382672686,0.0,0.49411207027733695,0.9086766781799538,0.9573718685980019,0.0,0.8842847126795864,0.0,0.2880087580039419,0.9983535984479027,0.0,0.8844024143703118,0.6557050029765557,0.04159750089969677,0.22290482318583846
AES-CTR,226,1,24,205,91,65,68,127,224,87,141,132,238,80,118,243,177,132,35,196,30,238,40,91,186,48,203,177,215,83,69,100,237,161,198,13,222,72,128,249,133,59,128,227,223,112,232,181,68,104,183,56,178,169,217,12,228,65,245,3,97,185,108,202,210,13,80,86,225,139,26,33,177,104,237,35,192,187,147,7,243,102,251,140,66,168,68,185,121,44,120,50,99,96,223,43,152,218,108,248,21,211,124,65,205,107,196,157,227,190,0,226,242,139,249,185,89,84,205,0,128,114,91,50,20,27,166,69,0.17673575709950665,0.0,0.28378018544263384,0.9086766781799538,0.957371868598015,0.0,0.549974006888405,0.0,0.15057597282484683,0.7321547247559207,0.0,0.00035980371719896207,1.320686857367345e-05,0.38174265333696594,0.21162934976801384
AES-CTR,202,165,123,182,232,247,214,155,254,115,145,142,215,239,42,71,162,8,12,213,139,31,31,180,24,1,235,136,10,15,10,193,16,75,59,229,230,207,1,89,2,154,223,203,61,90,75,126,236,65,7,3,68,114,85,5,185,180,98,142,59,157,78,3,110,30,165,115,229,115,226,33,230,81,193,111,133,76,155,161,121,37,19,48,38,211,124,103,253,39,229,56,122,200,159,127,156,94,95,125,133,37,220,25,164,73,78,197,231,143,24,103,220,176,23,109,243,201,85,41,169,187,246,159,129,65,105,96,0.716356351878849,0.0,0.6008948225808153,0.6880685751927309,0.3748688142935796,0.0,0.6929033813488031,0.0,0.5319710580974011,0.886159268787262,0.0,0.7927716912683245,0.307738765246705,0.2656149737207069,0.7064997195737308
AES-CTR,32,41,118,71,117,58,34,97,151,170,51,194,141,227,165,186,169,190,107,206,246,141,159,241,115,148,68,157,202,157,254,135,141,229,118,98,139,117,68,13,212,130,224,20,237,104,153,242,151,114,183,23,110,52,14,21,235,231,15,243,166,116,1,167,2,9,34,49,211,78,36,185,120,231,39,96,68,81,66,248,240,164,108,55,230,82,31,189,80,52,76,108,203,50,156,45,51,55,181,53,144,47,6,64,248,48,201,132,232,246,15,241,172,21,121,156,29,197,149,217,104,96,196,117,15,2,1,2,0.7724532710338196,0.0,0.5197017918317228,0.20702560815693746,0.3122999169628347,0.0,0.06338014735036042,0.0,0.26058903427361774,0.1369735764300579,0.0,0.004355454684325097,0.4235215196809612,0.438986536849945,0.7839316862478151
AES-CTR,192,200,198,154,230,230,46,140,147,249,181,187,16,86,61,153,91,128,77,78,242,20,238,180,245,186,223,134,152,0,138,116,208,115,24,203,89,187,205,212,92,46,29,167,0,165,105,156,146,199,130,69,198,179,188,30,12,242,211,20,66,243,60,102,77,224,189,81,30,91,147,235,169,220,112,159,140,81,141,0,249,100,12,24,71,154,175,103,244,73,137,151,37,56,54,93,138,131,32,84,56,254,218,7,91,74,118,36,84,231,15,33,1,132,124,242,66,228,190,54,63,198,2,146,20,90,31,208,0.6115641350298396,0.0,0.3579475238236134,0.9086766781799538,0.7729727105667711,0.0,0.2898196242323453,0.0,0.21129954733371054,0.5128085393592287,0.0,0.7838489085762177,0.8893681878681196,0.3407798695669608,0.6122715831461288
AES-CTR,26,13,189,152,245,177,224,45,204,151,7,109,9,6,90,245,203,163,60,129,240,208,169,195,165,212,53,40,123,246,224,37,108,94,213,46,65,167,153,207,190,209,8,50,197,146,218,231,170,82,43,175,188,207,174,125,97,99,45,5,177,102,90,216,71,252,98,74,141,181,140,23,93,82,48,204,227,228,236,35,107,236,66,223,60,97,193,20,242,199,210,70,54,216,215,249,91,220,2,69,118,19,210,12,218,134,34,113,42,37,173,101,49,141,201,48,253,117,125,170,60,159,34,168,32,236,132,92,0.616670047548784,0.0,0.9458885209237431,0.10829365589900763,0.79889641478736,0.0,0.3184247496052344,0.0,0.9005235503397742,0.9995187355109096,0.0,0.22803280365412223,0.18749888173734147,0.34824307701678153,0.5983481908746059
AES-CTR,3,120,96,64,76,200,190,110,210,146,125,135,54,232,15,18,119,189,2,119,237,56,197,20,109,5,161,64,176,8,165,150,13,48,66,190,42,46,54,96,41,109,111,28,60,25,224,178,90,137,102,171,193,173,165,177,232,25,233,181,3,157,71,37,43,144,13,207,10,60,184,180,228,225,17,173,79,153,165,180,253,135,245,230,253,48,17,174,54,51,30,187,237,208,185,125,46,72,239,71,151,231,166,22,95,159,22,109,22,145,80,98,35,125,229,152,65,53,35,131,32,254,100,170,243,54,129,76,0.856975629800623,0.0,0.17131930292072362,0.6463551955394854,0.2558891143431651,0.0,0.9145094314246653,0.0,0.31731050786291415,0.3377745846135154,0.0,0.026967699734458853,0.006069972362023287,0.6842671867550532,0.8398225848018664
AES-CTR,109,35,123,233,33,199,152,212,36,74,133,235,219,0,117,169,40,213,209,203,78,103,11,249,189,140,52,139,47,43,150,187,156,22,164,68,79,170,98,252,25,213,25,254,209,38,115,239,90,92,25,246,165,140,151,4,118,68,81,243,79,63,84,24,253,226,49,218,51,38,116,191,26,67,219,211,68,0,201,100,104,58,49,75,57,235,166,45,19,98,29,18,156,204,48,114,236,198,120,124,162,105,122,20,238,204,214,247,44,166,61,84,110,88,48,226,2,61,136,230,125,20,145,132,50,133,130,102,0.18269858024320887,0.0,0.9274212142511968,0.20702560815693746,0.8860113754522405,0.0,0.3337284360515026,0.0,0.5319710580974011,0.022507199755327265,0.0,0.7901989858157813,0.18381035060382087,0.6527979455019148,0.19471663109192835
AES-CTR,97,65,75,64,97,54,123,27,99,200,180,60,248,17,31,189,66,78,67,150,23,246,62,170,243,193,13,59,111,82,79,118,160,46,198,188,24,47,58,132,7,76,247,224,247,66,192,238,31,1,95,187,172,221,176,121,195,182,94,55,177,185,6,36,124,241,235,1,17,135,0,71,32,103,81,40,36,108,156,77,84,202,248,242,205,247,214,74,192,110,124,199,97,244,25,171,191,94,66,58,64,220,252,34,150,189,88,213,184,62,30,150,160,155,77,128,178,32,158,195,25,199,49,138,109,98,232,144,0.3601973820749042,0.0,0.8579648838592453,0.1871221556836583,0.6566551242466238,0.0,0.11938442243725461,0.0,0.45325470475373647,0.9740711339010634,0.0,0.30387028415010225,0.22258670420225787,0.04075186462302661,0.35295039256450284
AES-CTR,116,253,0,146,139,55,164,149,200,227,26,140,218,174,250,219,79,69,132,31,252,203,19,77,205,1,105,172,160,166,188,16,186,45,170,130,147,186,124,114,176,191,152,27,79,3,235,240,83,49,174,10,255,220,196,129,162,105,224,247,143,69,159,161,37,36,33,54,11,20,19,91,83,158,238,100,119,234,187,102,209,49,79,88,5,104,123,93,94,193,138,249,71,81,189,232,170,234,68,148,28,34,246,98,136,43,217,147,214,2,244,246,181,93,150,109,155,28,79,215,151,95,212,205,66,188,96,227,0.6523884312676428,0.0,0.9908430097102388,0.4912971242158972,0.8348137576038342,0.0,0.928729045449687,0.0,0.7076604666545525,0.5700351393541756,0.0,0.8550248999986787,0.2773046788167359,0.20963605477236766,0.640230960153773
AES-CTR,10,120,62,191,209,94,225,53,17,160,65,218,145,237,242,87,189,100,145,6,69,36,127,11,234,234,157,35,54,204,92,15,204,166,53,236,203,71,25,174,90,192,150,148,222,196,37,101,105,149,142,14,199,69,228,12,178,227,35,85,157,184,18,5,105,191,32,123,8,84,191,72,229,232,112,185,52,139,66,83,169,135,187,35,156,50,197,217,252,208,76,133,7,120,150,187,176,36,77,70,16,190,54,171,63,10,139,95,114,171,114,92,236,208,165,176,61,119,130,235,97,150,205,115,122,254,224,31,0.8257714424395903,0.0,0.6292225702004757,0.1871221556836583,0.9525517566970055,0.0,0.3105649413401476,0.0,0.8512686236882057,0.610068456720805,0.0,0.8612365287219685,0.44286492083250056,0.3167625108892001,0.8218047875755855
AES-CTR,178,168,238,95,92,160,0,160,25,179,93,176,1,228,2,93,236,26,184,108,118,178,113,227,127,73,218,252,178,2,220,78,47,210,79,146,21,198,216,123,89,82,66,243,26,239,183,116,169,2,86,134,139,134,46,146,74,176,160,104,201,214,249,223,188,69,83,228,174,5,87,227,173,64,94,134,93,129,148,175,252,91,125,90,10,75,124,102,225,229,71,121,224,19,210,84,47,239,77,181,239,143,59,250,247,93,161,46,75,49,232,66,108,191,38,219,225,51,129,61,21,136,170,23,212,230,143,91,0.0743422056705045,0.0,0.7165129910255816,0.8633889436886197,0.03345204242674479,0.0,0.22985324607467092,0.0,0.45325470475373647,0.9182850543014457,0.0,0.8184532563287391,0.17418549667588593,0.6488731095382787,0.08593002453949149
AES-CTR,184,255,51,249,160,54,96,101,9,245,44,161,190,34,162,44,183,64,6,95,213,68,210,179,31,84,128,134,163,137,18,232,229,134,74,108,249,168,128,137,86,208,215,177,123,12,71,33,133,182,209,169,144,117,227,153,55,235,63,132,56,142,40,235,80,112,166,243,189,158,126,211,15,106,75,93,203,65,222,102,15,239,16,56,219,38,250,46,12,205,94,43,5,255,6,185,127,235,186,154,135,92,39,250,69,195,142,248,228,70,155,245,118,84,2,244,167,171,64,144,138,47,123,153,63,235,196,200,0.9103018772326981,0.0,0.546062405927942,0.32955189239856303,0.5053745861486402,0.0,0.3906790844305434,0.0,0.7076604666545525,0.8795372724904927,0.0,0.5064318041296247,0.8715496516072889,0.5348031445707062,0.8892748808104893
